threshold,tn,fp,fn,tp,precision,recall,f1,tpr,fpr,cost
0.0,0,699,0,301,0.301,1.0,0.46272098385857036,0.9999999999999966,0.9999999999999986,699.0
0.002,0,699,0,301,0.301,1.0,0.46272098385857036,0.9999999999999966,0.9999999999999986,699.0
0.004,2,697,1,300,0.30090270812437314,0.9966777408637874,0.4622496147919877,0.996677740863784,0.997138769670957,707.0
0.006,4,695,2,299,0.3008048289738431,0.9933554817275747,0.4617760617760618,0.9933554817275714,0.9942775393419155,715.0
0.008,5,694,3,298,0.3004032258064516,0.9900332225913622,0.4609435421500387,0.9900332225913587,0.9928469241773948,724.0
0.01,10,689,3,298,0.30192502532928067,0.9900332225913622,0.46273291925465837,0.9900332225913587,0.9856938483547911,719.0
0.012,14,685,4,297,0.3024439918533605,0.9867109634551495,0.46297739672642246,0.9867109634551462,0.9799713876967081,725.0
0.014,18,681,4,297,0.30368098159509205,0.9867109634551495,0.46442533229085226,0.9867109634551462,0.9742489270386252,721.0
0.016,22,677,6,295,0.30349794238683125,0.9800664451827242,0.4634721131186174,0.9800664451827209,0.9685264663805422,737.0
0.018000000000000002,27,672,7,294,0.30434782608695654,0.9767441860465116,0.46408839779005523,0.9767441860465083,0.9613733905579385,742.0
0.02,34,665,7,294,0.30656934306569344,0.9767441860465116,0.4666666666666667,0.9767441860465083,0.9513590844062934,735.0
0.022,37,662,7,294,0.3075313807531381,0.9767441860465116,0.4677804295942721,0.9767441860465083,0.947067238912731,732.0
0.024,43,656,7,294,0.3094736842105263,0.9767441860465116,0.47002398081534774,0.9767441860465083,0.9384835479256066,726.0
0.026000000000000002,47,652,10,291,0.30858960763520676,0.9667774086378738,0.4678456591639871,0.9667774086378704,0.9327610872675237,752.0
0.028,53,646,11,290,0.30982905982905984,0.9634551495016611,0.4688763136620857,0.9634551495016579,0.9241773962803992,756.0
0.03,59,640,11,290,0.3118279569892473,0.9634551495016611,0.471161657189277,0.9634551495016579,0.9155937052932748,750.0
0.032,65,634,11,290,0.31385281385281383,0.9634551495016611,0.47346938775510206,0.9634551495016579,0.9070100143061504,744.0
0.034,69,630,12,289,0.3144722524483134,0.9601328903654485,0.4737704918032787,0.9601328903654452,0.9012875536480673,750.0
0.036000000000000004,73,626,12,289,0.3158469945355191,0.9601328903654485,0.4753289473684211,0.9601328903654452,0.8955650929899844,746.0
0.038,79,620,13,288,0.31718061674008813,0.9568106312292359,0.47642679900744417,0.9568106312292326,0.8869814020028599,750.0
0.04,86,613,13,288,0.3196448390677026,0.9568106312292359,0.47920133111480867,0.9568106312292326,0.8769670958512147,743.0
0.042,91,608,13,288,0.32142857142857145,0.9568106312292359,0.48120300751879697,0.9568106312292326,0.8698140200286111,738.0
0.044,99,600,15,286,0.3227990970654628,0.9501661129568106,0.4818871103622578,0.9501661129568074,0.858369098712445,750.0
0.046,106,593,16,285,0.3246013667425968,0.946843853820598,0.48346055979643765,0.9468438538205948,0.8483547925607999,753.0
0.048,109,590,17,284,0.32494279176201374,0.9435215946843853,0.48340425531914893,0.9435215946843821,0.8440629470672377,760.0
0.05,113,586,18,283,0.3256616800920598,0.9401993355481728,0.48376068376068376,0.9401993355481696,0.8383404864091547,766.0
0.052000000000000005,116,583,19,282,0.3260115606936416,0.9368770764119602,0.483704974271012,0.9368770764119569,0.8340486409155925,773.0
0.054,123,576,22,279,0.3263157894736842,0.9269102990033222,0.4826989619377163,0.9269102990033191,0.8240343347639473,796.0
0.056,130,569,23,278,0.3282172373081464,0.9235880398671097,0.4843205574912892,0.9235880398671065,0.814020028612302,799.0
0.058,140,559,23,278,0.3321385902031063,0.9235880398671097,0.48857644991212656,0.9235880398671065,0.7997138769670947,789.0
0.06,145,554,23,278,0.33413461538461536,0.9235880398671097,0.4907325684024713,0.9235880398671065,0.792560801144491,784.0
0.062,153,546,24,277,0.33657351154313486,0.920265780730897,0.4928825622775801,0.9202657807308939,0.7811158798283251,786.0
0.064,156,543,25,276,0.336996336996337,0.9169435215946844,0.4928571428571429,0.9169435215946813,0.7768240343347628,793.0
0.066,168,531,26,275,0.3411910669975186,0.9136212624584718,0.4968383017163505,0.9136212624584686,0.7596566523605139,791.0
0.068,170,529,30,271,0.33875,0.9003322259136213,0.49227974568574023,0.9003322259136182,0.7567954220314724,829.0
0.07,178,521,30,271,0.3421717171717172,0.9003322259136213,0.4958828911253431,0.9003322259136182,0.7453505007153065,821.0
0.07200000000000001,185,514,30,271,0.3452229299363057,0.9003322259136213,0.4990791896869245,0.9003322259136182,0.7353361945636613,814.0
0.074,190,509,30,271,0.3474358974358974,0.9003322259136213,0.5013876040703052,0.9003322259136182,0.7281831187410576,809.0
0.076,192,507,30,271,0.34832904884318766,0.9003322259136213,0.5023169601482854,0.9003322259136182,0.7253218884120161,807.0
0.078,196,503,31,270,0.34928848641655885,0.8970099667774086,0.5027932960893855,0.8970099667774056,0.7195994277539332,813.0
0.08,201,498,31,270,0.3515625,0.8970099667774086,0.5051449953227315,0.8970099667774056,0.7124463519313294,808.0
0.082,206,493,31,270,0.35386631716906947,0.8970099667774086,0.5075187969924813,0.8970099667774056,0.7052932761087257,803.0
0.084,213,486,31,270,0.35714285714285715,0.8970099667774086,0.510879848628193,0.8970099667774056,0.6952789699570805,796.0
0.08600000000000001,218,481,31,270,0.3595206391478029,0.8970099667774086,0.5133079847908745,0.8970099667774056,0.6881258941344768,791.0
0.088,223,476,32,269,0.3610738255033557,0.893687707641196,0.51434034416826,0.893687707641193,0.6809728183118731,796.0
0.09,230,469,33,268,0.36363636363636365,0.8903654485049833,0.5163776493256262,0.8903654485049803,0.670958512160228,799.0
0.092,235,464,33,268,0.366120218579235,0.8903654485049833,0.5188770571151985,0.8903654485049803,0.6638054363376242,794.0
0.094,239,460,33,268,0.36813186813186816,0.8903654485049833,0.5208940719144801,0.8903654485049803,0.6580829756795412,790.0
0.096,245,454,33,268,0.37119113573407203,0.8903654485049833,0.5239491691104594,0.8903654485049803,0.6494992846924168,784.0
0.098,249,450,33,268,0.3732590529247911,0.8903654485049833,0.5260058881256133,0.8903654485049803,0.6437768240343338,780.0
0.1,254,445,33,268,0.3758765778401122,0.8903654485049833,0.5285996055226825,0.8903654485049803,0.6366237482117301,775.0
0.10200000000000001,258,441,34,267,0.3771186440677966,0.8870431893687708,0.5292368681863231,0.8870431893687678,0.6309012875536472,781.0
0.10400000000000001,259,440,34,267,0.37765205091937765,0.8870431893687708,0.5297619047619048,0.8870431893687678,0.6294706723891264,780.0
0.106,264,435,34,267,0.3803418803418803,0.8870431893687708,0.5324027916251246,0.8870431893687678,0.6223175965665227,775.0
0.108,271,428,35,266,0.38328530259365995,0.8837209302325582,0.5346733668341709,0.8837209302325552,0.6123032904148775,778.0
0.11,278,421,38,263,0.3845029239766082,0.8737541528239202,0.534010152284264,0.8737541528239173,0.6022889842632323,801.0
0.112,281,418,38,263,0.38619676945668135,0.8737541528239202,0.5356415478615071,0.8737541528239173,0.5979971387696701,798.0
0.114,284,415,38,263,0.387905604719764,0.8737541528239202,0.5372829417773238,0.8737541528239173,0.5937052932761079,795.0
0.116,288,411,39,262,0.38930163447251115,0.8704318936877077,0.5379876796714579,0.8704318936877047,0.5879828326180249,801.0
0.11800000000000001,296,403,39,262,0.39398496240601505,0.8704318936877077,0.5424430641821946,0.8704318936877047,0.5765379113018589,793.0
0.12,299,400,40,261,0.394856278366112,0.867109634551495,0.5426195426195426,0.867109634551492,0.5722460658082967,800.0
0.122,308,391,40,261,0.4003067484662577,0.867109634551495,0.5477439664218258,0.867109634551492,0.55937052932761,791.0
0.124,313,386,41,260,0.4024767801857585,0.8637873754152824,0.5491024287222809,0.8637873754152795,0.5522174535050064,796.0
0.126,316,383,43,258,0.40249609984399376,0.8571428571428571,0.5477707006369427,0.8571428571428542,0.5479256080114441,813.0
0.128,320,379,44,257,0.40408805031446543,0.8538205980066446,0.5485592315901814,0.8538205980066416,0.5422031473533612,819.0
0.13,325,374,44,257,0.40729001584786056,0.8538205980066446,0.5515021459227468,0.8538205980066416,0.5350500715307575,814.0
0.132,329,370,44,257,0.4098883572567783,0.8538205980066446,0.5538793103448276,0.8538205980066416,0.5293276108726744,810.0
0.134,334,365,44,257,0.41318327974276525,0.8538205980066446,0.5568797399783315,0.8538205980066416,0.5221745350500707,805.0
0.136,336,363,44,257,0.41451612903225804,0.8538205980066446,0.5580890336590663,0.8538205980066416,0.5193133047210293,803.0
0.138,340,359,44,257,0.4172077922077922,0.8538205980066446,0.5605234460196292,0.8538205980066416,0.5135908440629463,799.0
0.14,342,357,44,257,0.4185667752442997,0.8538205980066446,0.5617486338797815,0.8538205980066416,0.5107296137339048,797.0
0.14200000000000002,348,351,45,256,0.42174629324546953,0.8504983388704319,0.5638766519823789,0.850498338870429,0.5021459227467804,801.0
0.14400000000000002,352,347,46,255,0.42358803986710963,0.8471760797342193,0.5647840531561462,0.8471760797342164,0.4964234620886974,807.0
0.146,356,343,46,255,0.42642140468227424,0.8471760797342193,0.5672969966629589,0.8471760797342164,0.49070100143061446,803.0
0.148,361,338,47,254,0.42905405405405406,0.8438538205980066,0.568868980963046,0.8438538205980037,0.48354792560801074,808.0
0.15,365,334,47,254,0.43197278911564624,0.8438538205980066,0.5714285714285714,0.8438538205980037,0.4778254649499278,804.0
0.152,368,331,47,254,0.4341880341880342,0.8438538205980066,0.5733634311512416,0.8438538205980037,0.4735336194563655,801.0
0.154,373,326,47,254,0.4379310344827586,0.8438538205980066,0.5766174801362088,0.8438538205980037,0.46638054363376186,796.0
0.156,381,318,48,253,0.44308231173380036,0.840531561461794,0.5802752293577982,0.8405315614617912,0.4549356223175959,798.0
0.158,384,315,48,253,0.4454225352112676,0.840531561461794,0.5822784810126582,0.8405315614617912,0.45064377682403367,795.0
0.16,388,311,48,253,0.44858156028368795,0.840531561461794,0.584971098265896,0.8405315614617912,0.4449213161659507,791.0
0.162,389,310,49,252,0.4483985765124555,0.8372093023255814,0.5840092699884125,0.8372093023255786,0.44349070100142995,800.0
0.164,394,305,49,252,0.4524236983842011,0.8372093023255814,0.5874125874125874,0.8372093023255786,0.43633762517882624,795.0
0.166,397,302,50,251,0.4538878842676311,0.8338870431893688,0.5878220140515222,0.8338870431893659,0.43204577968526403,802.0
0.168,399,300,50,251,0.455535390199637,0.8338870431893688,0.5892018779342723,0.8338870431893659,0.4291845493562225,800.0
0.17,403,296,51,250,0.45787545787545786,0.8305647840531561,0.5903187721369539,0.8305647840531534,0.42346208869813956,806.0
0.17200000000000001,407,292,51,250,0.4612546125461255,0.8305647840531561,0.5931198102016607,0.8305647840531534,0.4177396280400566,802.0
0.17400000000000002,410,289,52,249,0.4628252788104089,0.8272425249169435,0.5935637663885578,0.8272425249169407,0.4134477825464944,809.0
0.176,413,286,52,249,0.4654205607476635,0.8272425249169435,0.5956937799043063,0.8272425249169407,0.4091559370529322,806.0
0.178,417,282,52,249,0.4689265536723164,0.8272425249169435,0.5985576923076923,0.8272425249169407,0.4034334763948492,802.0
0.18,419,280,52,249,0.4706994328922495,0.8272425249169435,0.6,0.8272425249169407,0.4005722460658077,800.0
0.182,420,279,53,248,0.47058823529411764,0.8239202657807309,0.5990338164251208,0.8239202657807281,0.39914163090128696,809.0
0.184,422,277,53,248,0.4723809523809524,0.8239202657807309,0.6004842615012107,0.8239202657807281,0.3962804005722455,807.0
0.186,426,273,54,247,0.475,0.8205980066445183,0.6017052375152253,0.8205980066445154,0.39055793991416254,813.0
0.188,430,269,57,244,0.4756335282651072,0.8106312292358804,0.5995085995085995,0.8106312292358776,0.3848354792560795,839.0
0.19,437,262,59,242,0.4801587301587302,0.8039867109634552,0.6012422360248447,0.8039867109634524,0.37482117310443436,852.0
0.192,437,262,59,242,0.4801587301587302,0.8039867109634552,0.6012422360248447,0.8039867109634524,0.37482117310443436,852.0
0.194,439,260,60,241,0.4810379241516966,0.8006644518272426,0.600997506234414,0.8006644518272398,0.37195994277539285,860.0
0.196,439,260,60,241,0.4810379241516966,0.8006644518272426,0.600997506234414,0.8006644518272398,0.37195994277539285,860.0
0.198,442,257,60,241,0.4839357429718876,0.8006644518272426,0.6032540675844806,0.8006644518272398,0.36766809728183064,857.0
0.2,446,253,61,240,0.486815415821501,0.7973421926910299,0.6045340050377834,0.7973421926910272,0.3619456366237477,863.0
0.202,450,249,62,239,0.48975409836065575,0.7940199335548173,0.605830164765526,0.7940199335548146,0.3562231759656647,869.0
0.20400000000000001,452,247,62,239,0.49176954732510286,0.7940199335548173,0.6073697585768743,0.7940199335548146,0.3533619456366232,867.0
0.20600000000000002,455,244,63,238,0.49377593360995853,0.7906976744186046,0.6079182630906769,0.790697674418602,0.349070100143061,874.0
0.20800000000000002,456,243,64,237,0.49375,0.7873754152823921,0.6069142125480154,0.7873754152823893,0.34763948497854025,883.0
0.21,457,242,64,237,0.49478079331941544,0.7873754152823921,0.6076923076923076,0.7873754152823893,0.34620886981401955,882.0
0.212,461,238,64,237,0.49894736842105264,0.7873754152823921,0.6108247422680413,0.7873754152823893,0.34048640915593653,878.0
0.214,463,236,64,237,0.5010570824524313,0.7873754152823921,0.6124031007751938,0.7873754152823893,0.3376251788268951,876.0
0.216,465,234,64,237,0.5031847133757962,0.7873754152823921,0.6139896373056994,0.7873754152823893,0.33476394849785357,874.0
0.218,466,233,64,237,0.5042553191489362,0.7873754152823921,0.6147859922178989,0.7873754152823893,0.33333333333333287,873.0
0.22,467,232,64,237,0.5053304904051172,0.7873754152823921,0.6155844155844156,0.7873754152823893,0.3319027181688121,872.0
0.222,467,232,65,236,0.5042735042735043,0.7840531561461794,0.6137841352405722,0.7840531561461768,0.3319027181688121,882.0
0.224,470,229,67,234,0.5053995680345572,0.7774086378737541,0.612565445026178,0.7774086378737515,0.32761087267524985,899.0
0.226,472,227,67,234,0.5075921908893709,0.7774086378737541,0.6141732283464567,0.7774086378737515,0.3247496423462084,897.0
0.228,474,225,67,234,0.5098039215686274,0.7774086378737541,0.6157894736842106,0.7774086378737515,0.3218884120171669,895.0
0.23,475,224,68,233,0.5098468271334792,0.7740863787375415,0.6147757255936676,0.7740863787375389,0.3204577968526462,904.0
0.232,476,223,68,233,0.5109649122807017,0.7740863787375415,0.6155878467635403,0.7740863787375389,0.31902718168812544,903.0
0.234,478,221,68,233,0.513215859030837,0.7740863787375415,0.6172185430463576,0.7740863787375389,0.31616595135908393,901.0
0.23600000000000002,484,215,70,231,0.5179372197309418,0.7674418604651163,0.6184738955823293,0.7674418604651136,0.3075822603719595,915.0
0.23800000000000002,487,212,70,231,0.5214446952595937,0.7674418604651163,0.6209677419354839,0.7674418604651136,0.30329041487839725,912.0
0.24,492,207,70,231,0.5273972602739726,0.7674418604651163,0.625169147496617,0.7674418604651136,0.29613733905579354,907.0
0.242,494,205,70,231,0.5298165137614679,0.7674418604651163,0.6268656716417911,0.7674418604651136,0.2932761087267521,905.0
0.244,498,201,72,229,0.5325581395348837,0.760797342192691,0.6265389876880985,0.7607973421926885,0.2875536480686691,921.0
0.246,502,197,75,226,0.5342789598108747,0.7508305647840532,0.6243093922651933,0.7508305647840506,0.28183118741058616,947.0
0.248,503,196,76,225,0.5344418052256532,0.7475083056478405,0.6232686980609419,0.747508305647838,0.2804005722460654,956.0
0.25,505,194,76,225,0.5369928400954654,0.7475083056478405,0.625,0.747508305647838,0.2775393419170239,954.0
0.252,505,194,77,224,0.5358851674641149,0.7441860465116279,0.6230876216968011,0.7441860465116253,0.2775393419170239,964.0
0.254,506,193,77,224,0.5371702637889688,0.7441860465116279,0.6239554317548747,0.7441860465116253,0.2761087267525032,963.0
0.256,508,191,77,224,0.5397590361445783,0.7441860465116279,0.6256983240223464,0.7441860465116253,0.2732474964234617,961.0
0.258,511,188,77,224,0.5436893203883495,0.7441860465116279,0.6283309957924264,0.7441860465116253,0.2689556509298995,958.0
0.26,515,184,77,224,0.5490196078431373,0.7441860465116279,0.6318758815232722,0.7441860465116253,0.2632331902718165,954.0
0.262,518,181,77,224,0.5530864197530864,0.7441860465116279,0.6345609065155807,0.7441860465116253,0.25894134477825426,951.0
0.264,522,177,77,224,0.5586034912718204,0.7441860465116279,0.6381766381766382,0.7441860465116253,0.2532188841201713,947.0
0.266,524,175,77,224,0.5614035087719298,0.7441860465116279,0.64,0.7441860465116253,0.25035765379112984,945.0
0.268,528,171,77,224,0.5670886075949367,0.7441860465116279,0.6436781609195402,0.7441860465116253,0.24463519313304685,941.0
0.27,530,169,77,224,0.5699745547073791,0.7441860465116279,0.6455331412103746,0.7441860465116253,0.24177396280400537,939.0
0.272,535,164,78,223,0.5762273901808785,0.7408637873754153,0.6482558139534884,0.7408637873754128,0.23462088698140166,944.0
0.274,536,163,78,223,0.5777202072538861,0.7408637873754153,0.6491994177583698,0.7408637873754128,0.23319027181688093,943.0
0.276,539,160,78,223,0.5822454308093995,0.7408637873754153,0.652046783625731,0.7408637873754128,0.2288984263233187,940.0
0.278,542,157,79,222,0.5857519788918206,0.7375415282392026,0.6529411764705882,0.7375415282392002,0.22460658082975646,947.0
0.28,544,155,79,222,0.5888594164456233,0.7375415282392026,0.6548672566371682,0.7375415282392002,0.22174535050071498,945.0
0.28200000000000003,544,155,79,222,0.5888594164456233,0.7375415282392026,0.6548672566371682,0.7375415282392002,0.22174535050071498,945.0
0.28400000000000003,547,152,79,222,0.5935828877005348,0.7375415282392026,0.6577777777777778,0.7375415282392002,0.21745350500715277,942.0
0.28600000000000003,553,146,79,222,0.6032608695652174,0.7375415282392026,0.6636771300448431,0.7375415282392002,0.2088698140200283,936.0
0.28800000000000003,554,145,79,222,0.6049046321525886,0.7375415282392026,0.6646706586826348,0.7375415282392002,0.20743919885550757,935.0
0.29,556,143,80,221,0.6071428571428571,0.7342192691029901,0.6646616541353384,0.7342192691029875,0.2045779685264661,943.0
0.292,558,141,80,221,0.6104972375690608,0.7342192691029901,0.6666666666666666,0.7342192691029875,0.2017167381974246,941.0
0.294,560,139,80,221,0.6138888888888889,0.7342192691029901,0.6686838124054463,0.7342192691029875,0.1988555078683831,939.0
0.296,563,136,80,221,0.6190476190476191,0.7342192691029901,0.6717325227963525,0.7342192691029875,0.1945636623748209,936.0
0.298,564,135,81,220,0.6197183098591549,0.7308970099667774,0.6707317073170732,0.7308970099667749,0.19313304721030014,945.0
0.3,569,130,81,220,0.6285714285714286,0.7308970099667774,0.6758832565284179,0.7308970099667749,0.18597997138769642,940.0
0.302,571,128,82,219,0.6311239193083573,0.7275747508305648,0.6759259259259259,0.7275747508305623,0.18311874105865494,948.0
0.304,573,126,84,217,0.6326530612244898,0.7209302325581395,0.6739130434782609,0.720930232558137,0.18025751072961346,966.0
0.306,574,125,84,217,0.6345029239766082,0.7209302325581395,0.6749611197511665,0.720930232558137,0.17882689556509274,965.0
0.308,576,123,84,217,0.638235294117647,0.7209302325581395,0.6770670826833073,0.720930232558137,0.17596566523605126,963.0
0.31,578,121,84,217,0.6420118343195266,0.7209302325581395,0.6791862284820032,0.720930232558137,0.17310443490700977,961.0
0.312,581,118,84,217,0.6477611940298508,0.7209302325581395,0.6823899371069182,0.720930232558137,0.16881258941344754,958.0
0.314,582,117,84,217,0.6497005988023952,0.7209302325581395,0.6834645669291338,0.720930232558137,0.16738197424892678,957.0
0.316,584,115,85,216,0.6525679758308157,0.717607973421927,0.6835443037974683,0.7176079734219245,0.1645207439198853,965.0
0.318,586,113,86,215,0.6554878048780488,0.7142857142857143,0.6836248012718601,0.7142857142857119,0.16165951359084382,973.0
0.32,589,110,86,215,0.6615384615384615,0.7142857142857143,0.6869009584664537,0.7142857142857119,0.1573676680972816,970.0
0.322,589,110,86,215,0.6615384615384615,0.7142857142857143,0.6869009584664537,0.7142857142857119,0.1573676680972816,970.0
0.324,590,109,87,214,0.6625386996904025,0.7109634551495017,0.6858974358974359,0.7109634551494992,0.15593705293276086,979.0
0.326,592,107,88,213,0.665625,0.707641196013289,0.6859903381642513,0.7076411960132867,0.15307582260371938,987.0
0.328,595,104,89,212,0.6708860759493671,0.7043189368770764,0.6871961102106969,0.704318936877074,0.14878397711015715,994.0
0.33,595,104,90,211,0.6698412698412698,0.7009966777408638,0.685064935064935,0.7009966777408614,0.14878397711015715,1004.0
0.332,597,102,90,211,0.6741214057507987,0.7009966777408638,0.6872964169381107,0.7009966777408614,0.14592274678111566,1002.0
0.334,598,101,90,211,0.6762820512820513,0.7009966777408638,0.6884176182707994,0.7009966777408614,0.14449213161659494,1001.0
0.336,600,99,90,211,0.6806451612903226,0.7009966777408638,0.690671031096563,0.7009966777408614,0.14163090128755343,999.0
0.338,602,97,91,210,0.6840390879478827,0.6976744186046512,0.6907894736842105,0.6976744186046487,0.13876967095851195,1007.0
0.34,603,96,92,209,0.6852459016393443,0.6943521594684385,0.6897689768976898,0.6943521594684362,0.13733905579399122,1016.0
0.342,603,96,92,209,0.6852459016393443,0.6943521594684385,0.6897689768976898,0.6943521594684362,0.13733905579399122,1016.0
0.34400000000000003,604,95,92,209,0.6875,0.6943521594684385,0.6909090909090909,0.6943521594684362,0.13590844062947047,1015.0
0.34600000000000003,604,95,95,206,0.6843853820598007,0.6843853820598007,0.6843853820598007,0.6843853820597984,0.13590844062947047,1045.0
0.34800000000000003,605,94,96,205,0.68561872909699,0.6810631229235881,0.6833333333333333,0.6810631229235857,0.13447782546494974,1054.0
0.35000000000000003,608,91,97,204,0.6915254237288135,0.6777408637873754,0.6845637583892618,0.6777408637873731,0.1301859799713875,1061.0
0.352,609,90,97,204,0.6938775510204082,0.6777408637873754,0.6857142857142857,0.6777408637873731,0.12875536480686675,1060.0
0.354,613,86,97,204,0.7034482758620689,0.6777408637873754,0.6903553299492385,0.6777408637873731,0.1230329041487838,1056.0
0.356,614,85,98,203,0.7048611111111112,0.6744186046511628,0.6893039049235993,0.6744186046511605,0.12160228898426305,1065.0
0.358,616,83,98,203,0.7097902097902098,0.6744186046511628,0.6916524701873935,0.6744186046511605,0.11874105865522157,1063.0
0.36,618,81,100,201,0.7127659574468085,0.6677740863787376,0.6895368782161235,0.6677740863787353,0.11587982832618009,1081.0
0.362,621,78,100,201,0.7204301075268817,0.6677740863787376,0.6931034482758621,0.6677740863787353,0.11158798283261787,1078.0
0.364,622,77,100,201,0.7230215827338129,0.6677740863787376,0.694300518134715,0.6677740863787353,0.11015736766809713,1077.0
0.366,622,77,102,199,0.7210144927536232,0.6611295681063123,0.6897746967071057,0.6611295681063101,0.11015736766809713,1097.0
0.368,624,75,102,199,0.7262773722627737,0.6611295681063123,0.6921739130434783,0.6611295681063101,0.10729613733905563,1095.0
0.37,624,75,102,199,0.7262773722627737,0.6611295681063123,0.6921739130434783,0.6611295681063101,0.10729613733905563,1095.0
0.372,626,73,103,198,0.7306273062730627,0.6578073089700996,0.6923076923076923,0.6578073089700974,0.10443490701001415,1103.0
0.374,629,70,103,198,0.7388059701492538,0.6578073089700996,0.6959578207381371,0.6578073089700974,0.10014306151645193,1100.0
0.376,631,68,103,198,0.7443609022556391,0.6578073089700996,0.6984126984126984,0.6578073089700974,0.09728183118741045,1098.0
0.378,632,67,103,198,0.7471698113207547,0.6578073089700996,0.6996466431095406,0.6578073089700974,0.09585121602288971,1097.0
0.38,633,66,103,198,0.75,0.6578073089700996,0.7008849557522124,0.6578073089700974,0.09442060085836897,1096.0
0.382,636,63,103,198,0.7586206896551724,0.6578073089700996,0.7046263345195729,0.6578073089700974,0.09012875536480673,1093.0
0.384,637,62,104,197,0.7606177606177607,0.654485049833887,0.7035714285714286,0.6544850498338848,0.08869814020028599,1102.0
0.386,638,61,104,197,0.7635658914728682,0.654485049833887,0.7048300536672629,0.6544850498338848,0.08726752503576525,1101.0
0.388,639,60,105,196,0.765625,0.6511627906976745,0.703770197486535,0.6511627906976722,0.08583690987124451,1110.0
0.39,639,60,107,194,0.7637795275590551,0.6445182724252492,0.6990990990990991,0.644518272425247,0.08583690987124451,1130.0
0.392,639,60,107,194,0.7637795275590551,0.6445182724252492,0.6990990990990991,0.644518272425247,0.08583690987124451,1130.0
0.394,640,59,108,193,0.7658730158730159,0.6411960132890365,0.6980108499095841,0.6411960132890344,0.08440629470672377,1139.0
0.396,641,58,109,192,0.768,0.6378737541528239,0.6969147005444646,0.6378737541528218,0.08297567954220303,1148.0
0.398,642,57,109,192,0.7710843373493976,0.6378737541528239,0.6981818181818182,0.6378737541528218,0.08154506437768229,1147.0
0.4,642,57,109,192,0.7710843373493976,0.6378737541528239,0.6981818181818182,0.6378737541528218,0.08154506437768229,1147.0
0.402,642,57,110,191,0.7701612903225806,0.6345514950166113,0.6958105646630237,0.6345514950166091,0.08154506437768229,1157.0
0.404,643,56,110,191,0.7732793522267206,0.6345514950166113,0.6970802919708029,0.6345514950166091,0.08011444921316155,1156.0
0.406,643,56,111,190,0.7723577235772358,0.6312292358803987,0.6946983546617916,0.6312292358803965,0.08011444921316155,1166.0
0.40800000000000003,645,54,111,190,0.7786885245901639,0.6312292358803987,0.6972477064220184,0.6312292358803965,0.07725321888412005,1164.0
0.41000000000000003,646,53,111,190,0.7818930041152263,0.6312292358803987,0.6985294117647058,0.6312292358803965,0.07582260371959931,1163.0
0.41200000000000003,646,53,111,190,0.7818930041152263,0.6312292358803987,0.6985294117647058,0.6312292358803965,0.07582260371959931,1163.0
0.41400000000000003,646,53,111,190,0.7818930041152263,0.6312292358803987,0.6985294117647058,0.6312292358803965,0.07582260371959931,1163.0
0.41600000000000004,647,52,114,187,0.7824267782426778,0.6212624584717608,0.6925925925925925,0.6212624584717586,0.07439198855507857,1192.0
0.418,648,51,114,187,0.7857142857142857,0.6212624584717608,0.6938775510204082,0.6212624584717586,0.07296137339055783,1191.0
0.42,649,50,114,187,0.7890295358649789,0.6212624584717608,0.6951672862453532,0.6212624584717586,0.07153075822603709,1190.0
0.422,652,47,115,186,0.7982832618025751,0.6179401993355482,0.6966292134831461,0.6179401993355461,0.06723891273247487,1197.0
0.424,653,46,115,186,0.8017241379310345,0.6179401993355482,0.6979362101313321,0.6179401993355461,0.06580829756795413,1196.0
0.426,653,46,115,186,0.8017241379310345,0.6179401993355482,0.6979362101313321,0.6179401993355461,0.06580829756795413,1196.0
0.428,654,45,116,185,0.8043478260869565,0.6146179401993356,0.696798493408663,0.6146179401993335,0.06437768240343338,1205.0
0.43,654,45,118,183,0.8026315789473685,0.6079734219269103,0.6918714555765595,0.6079734219269083,0.06437768240343338,1225.0
0.432,654,45,118,183,0.8026315789473685,0.6079734219269103,0.6918714555765595,0.6079734219269083,0.06437768240343338,1225.0
0.434,655,44,118,183,0.8061674008810573,0.6079734219269103,0.6931818181818182,0.6079734219269083,0.06294706723891264,1224.0
0.436,655,44,118,183,0.8061674008810573,0.6079734219269103,0.6931818181818182,0.6079734219269083,0.06294706723891264,1224.0
0.438,656,43,118,183,0.8097345132743363,0.6079734219269103,0.6944971537001897,0.6079734219269083,0.0615164520743919,1223.0
0.44,656,43,120,181,0.8080357142857143,0.6013289036544851,0.6895238095238095,0.601328903654483,0.0615164520743919,1243.0
0.442,656,43,120,181,0.8080357142857143,0.6013289036544851,0.6895238095238095,0.601328903654483,0.0615164520743919,1243.0
0.444,656,43,120,181,0.8080357142857143,0.6013289036544851,0.6895238095238095,0.601328903654483,0.0615164520743919,1243.0
0.446,656,43,121,180,0.8071748878923767,0.5980066445182725,0.6870229007633588,0.5980066445182703,0.0615164520743919,1253.0
0.448,658,41,122,179,0.8136363636363636,0.5946843853820598,0.6871401151631478,0.5946843853820578,0.058655221745350414,1261.0
0.45,659,40,122,179,0.817351598173516,0.5946843853820598,0.6884615384615385,0.5946843853820578,0.05722460658082967,1260.0
0.452,659,40,123,178,0.8165137614678899,0.5913621262458472,0.6859344894026975,0.5913621262458452,0.05722460658082967,1270.0
0.454,659,40,123,178,0.8165137614678899,0.5913621262458472,0.6859344894026975,0.5913621262458452,0.05722460658082967,1270.0
0.456,659,40,123,178,0.8165137614678899,0.5913621262458472,0.6859344894026975,0.5913621262458452,0.05722460658082967,1270.0
0.458,660,39,123,178,0.8202764976958525,0.5913621262458472,0.6872586872586872,0.5913621262458452,0.05579399141630893,1269.0
0.46,660,39,124,177,0.8194444444444444,0.5880398671096345,0.6847195357833655,0.5880398671096325,0.05579399141630893,1279.0
0.462,660,39,124,177,0.8194444444444444,0.5880398671096345,0.6847195357833655,0.5880398671096325,0.05579399141630893,1279.0
0.464,664,35,125,176,0.8341232227488151,0.584717607973422,0.6875,0.58471760797342,0.050071530758225964,1285.0
0.466,664,35,125,176,0.8341232227488151,0.584717607973422,0.6875,0.58471760797342,0.050071530758225964,1285.0
0.468,666,33,127,174,0.8405797101449275,0.5780730897009967,0.6850393700787402,0.5780730897009947,0.04721030042918448,1303.0
0.47000000000000003,667,32,127,174,0.8446601941747572,0.5780730897009967,0.6863905325443787,0.5780730897009947,0.045779685264663736,1302.0
0.47200000000000003,667,32,127,174,0.8446601941747572,0.5780730897009967,0.6863905325443787,0.5780730897009947,0.045779685264663736,1302.0
0.47400000000000003,667,32,127,174,0.8446601941747572,0.5780730897009967,0.6863905325443787,0.5780730897009947,0.045779685264663736,1302.0
0.47600000000000003,667,32,127,174,0.8446601941747572,0.5780730897009967,0.6863905325443787,0.5780730897009947,0.045779685264663736,1302.0
0.47800000000000004,668,31,127,174,0.848780487804878,0.5780730897009967,0.6877470355731226,0.5780730897009947,0.044349070100142995,1301.0
0.48,668,31,127,174,0.848780487804878,0.5780730897009967,0.6877470355731226,0.5780730897009947,0.044349070100142995,1301.0
0.482,670,29,128,173,0.8564356435643564,0.574750830564784,0.6878727634194831,0.574750830564782,0.041487839771101515,1309.0
0.484,670,29,129,172,0.8557213930348259,0.5714285714285714,0.6852589641434262,0.5714285714285695,0.041487839771101515,1319.0
0.486,671,28,129,172,0.86,0.5714285714285714,0.6866267465069861,0.5714285714285695,0.040057224606580774,1318.0
0.488,671,28,129,172,0.86,0.5714285714285714,0.6866267465069861,0.5714285714285695,0.040057224606580774,1318.0
0.49,671,28,130,171,0.8592964824120602,0.5681063122923588,0.684,0.5681063122923569,0.040057224606580774,1328.0
0.492,672,27,130,171,0.8636363636363636,0.5681063122923588,0.685370741482966,0.5681063122923569,0.03862660944206003,1327.0
0.494,672,27,130,171,0.8636363636363636,0.5681063122923588,0.685370741482966,0.5681063122923569,0.03862660944206003,1327.0
0.496,672,27,130,171,0.8636363636363636,0.5681063122923588,0.685370741482966,0.5681063122923569,0.03862660944206003,1327.0
0.498,672,27,131,170,0.8629441624365483,0.5647840531561462,0.6827309236947792,0.5647840531561442,0.03862660944206003,1337.0
0.5,672,27,132,169,0.8622448979591837,0.5614617940199336,0.6800804828973843,0.5614617940199317,0.03862660944206003,1347.0
0.502,673,26,132,169,0.8666666666666667,0.5614617940199336,0.6814516129032258,0.5614617940199317,0.037195994277539286,1346.0
0.504,673,26,133,168,0.865979381443299,0.5581395348837209,0.6787878787878788,0.558139534883719,0.037195994277539286,1356.0
0.506,673,26,133,168,0.865979381443299,0.5581395348837209,0.6787878787878788,0.558139534883719,0.037195994277539286,1356.0
0.508,673,26,133,168,0.865979381443299,0.5581395348837209,0.6787878787878788,0.558139534883719,0.037195994277539286,1356.0
0.51,673,26,133,168,0.865979381443299,0.5581395348837209,0.6787878787878788,0.558139534883719,0.037195994277539286,1356.0
0.512,673,26,134,167,0.8652849740932642,0.5548172757475083,0.6761133603238867,0.5548172757475064,0.037195994277539286,1366.0
0.514,674,25,134,167,0.8697916666666666,0.5548172757475083,0.6774847870182555,0.5548172757475064,0.035765379113018546,1365.0
0.516,674,25,135,166,0.8691099476439791,0.5514950166112956,0.6747967479674797,0.5514950166112939,0.035765379113018546,1375.0
0.518,675,24,136,165,0.873015873015873,0.5481727574750831,0.673469387755102,0.5481727574750812,0.034334763948497805,1384.0
0.52,675,24,136,165,0.873015873015873,0.5481727574750831,0.673469387755102,0.5481727574750812,0.034334763948497805,1384.0
0.522,675,24,136,165,0.873015873015873,0.5481727574750831,0.673469387755102,0.5481727574750812,0.034334763948497805,1384.0
0.524,675,24,136,165,0.873015873015873,0.5481727574750831,0.673469387755102,0.5481727574750812,0.034334763948497805,1384.0
0.526,676,23,137,164,0.8770053475935828,0.5448504983388704,0.6721311475409836,0.5448504983388686,0.032904148783977065,1393.0
0.528,677,22,137,164,0.8817204301075269,0.5448504983388704,0.6735112936344969,0.5448504983388686,0.03147353361945632,1392.0
0.53,678,21,137,164,0.8864864864864865,0.5448504983388704,0.6748971193415638,0.5448504983388686,0.030042918454935577,1391.0
0.532,678,21,138,163,0.8858695652173914,0.5415282392026578,0.6721649484536083,0.5415282392026559,0.030042918454935577,1401.0
0.534,678,21,140,161,0.8846153846153846,0.5348837209302325,0.6666666666666666,0.5348837209302307,0.030042918454935577,1421.0
0.536,679,20,140,161,0.8895027624309392,0.5348837209302325,0.6680497925311203,0.5348837209302307,0.028612303290414837,1420.0
0.538,679,20,140,161,0.8895027624309392,0.5348837209302325,0.6680497925311203,0.5348837209302307,0.028612303290414837,1420.0
0.54,679,20,140,161,0.8895027624309392,0.5348837209302325,0.6680497925311203,0.5348837209302307,0.028612303290414837,1420.0
0.542,679,20,142,159,0.888268156424581,0.5282392026578073,0.6625,0.5282392026578056,0.028612303290414837,1440.0
0.544,680,19,142,159,0.8932584269662921,0.5282392026578073,0.6638830897703549,0.5282392026578056,0.027181688125894096,1439.0
0.546,680,19,143,158,0.8926553672316384,0.5249169435215947,0.6610878661087866,0.5249169435215929,0.027181688125894096,1449.0
0.548,680,19,143,158,0.8926553672316384,0.5249169435215947,0.6610878661087866,0.5249169435215929,0.027181688125894096,1449.0
0.55,680,19,145,156,0.8914285714285715,0.5182724252491694,0.6554621848739496,0.5182724252491677,0.027181688125894096,1469.0
0.552,681,18,145,156,0.896551724137931,0.5182724252491694,0.6568421052631579,0.5182724252491677,0.025751072961373352,1468.0
0.554,681,18,146,155,0.8959537572254336,0.5149501661129569,0.6540084388185654,0.5149501661129551,0.025751072961373352,1478.0
0.556,681,18,146,155,0.8959537572254336,0.5149501661129569,0.6540084388185654,0.5149501661129551,0.025751072961373352,1478.0
0.558,681,18,146,155,0.8959537572254336,0.5149501661129569,0.6540084388185654,0.5149501661129551,0.025751072961373352,1478.0
0.56,681,18,146,155,0.8959537572254336,0.5149501661129569,0.6540084388185654,0.5149501661129551,0.025751072961373352,1478.0
0.562,681,18,146,155,0.8959537572254336,0.5149501661129569,0.6540084388185654,0.5149501661129551,0.025751072961373352,1478.0
0.5640000000000001,684,15,146,155,0.9117647058823529,0.5149501661129569,0.6581740976645435,0.5149501661129551,0.021459227467811127,1475.0
0.5660000000000001,684,15,146,155,0.9117647058823529,0.5149501661129569,0.6581740976645435,0.5149501661129551,0.021459227467811127,1475.0
0.5680000000000001,684,15,146,155,0.9117647058823529,0.5149501661129569,0.6581740976645435,0.5149501661129551,0.021459227467811127,1475.0
0.5700000000000001,684,15,146,155,0.9117647058823529,0.5149501661129569,0.6581740976645435,0.5149501661129551,0.021459227467811127,1475.0
0.5720000000000001,684,15,146,155,0.9117647058823529,0.5149501661129569,0.6581740976645435,0.5149501661129551,0.021459227467811127,1475.0
0.5740000000000001,684,15,148,153,0.9107142857142857,0.5083056478405316,0.652452025586354,0.5083056478405298,0.021459227467811127,1495.0
0.5760000000000001,686,13,150,151,0.9207317073170732,0.5016611295681063,0.6494623655913978,0.5016611295681046,0.018597997138769643,1513.0
0.578,686,13,150,151,0.9207317073170732,0.5016611295681063,0.6494623655913978,0.5016611295681046,0.018597997138769643,1513.0
0.58,686,13,150,151,0.9207317073170732,0.5016611295681063,0.6494623655913978,0.5016611295681046,0.018597997138769643,1513.0
0.582,686,13,150,151,0.9207317073170732,0.5016611295681063,0.6494623655913978,0.5016611295681046,0.018597997138769643,1513.0
0.584,686,13,150,151,0.9207317073170732,0.5016611295681063,0.6494623655913978,0.5016611295681046,0.018597997138769643,1513.0
0.586,687,12,151,150,0.9259259259259259,0.4983388704318937,0.6479481641468683,0.498338870431892,0.017167381974248903,1522.0
0.588,687,12,151,150,0.9259259259259259,0.4983388704318937,0.6479481641468683,0.498338870431892,0.017167381974248903,1522.0
0.59,687,12,151,150,0.9259259259259259,0.4983388704318937,0.6479481641468683,0.498338870431892,0.017167381974248903,1522.0
0.592,687,12,152,149,0.9254658385093167,0.4950166112956811,0.645021645021645,0.49501661129567937,0.017167381974248903,1532.0
0.594,687,12,154,147,0.9245283018867925,0.4883720930232558,0.6391304347826087,0.48837209302325413,0.017167381974248903,1552.0
0.596,687,12,154,147,0.9245283018867925,0.4883720930232558,0.6391304347826087,0.48837209302325413,0.017167381974248903,1552.0
0.598,687,12,156,145,0.9235668789808917,0.48172757475083056,0.6331877729257642,0.48172757475082895,0.017167381974248903,1572.0
0.6,688,11,156,145,0.9294871794871795,0.48172757475083056,0.6345733041575492,0.48172757475082895,0.01573676680972816,1571.0
0.602,688,11,156,145,0.9294871794871795,0.48172757475083056,0.6345733041575492,0.48172757475082895,0.01573676680972816,1571.0
0.604,689,10,156,145,0.9354838709677419,0.48172757475083056,0.6359649122807017,0.48172757475082895,0.014306151645207418,1570.0
0.606,689,10,156,145,0.9354838709677419,0.48172757475083056,0.6359649122807017,0.48172757475082895,0.014306151645207418,1570.0
0.608,689,10,156,145,0.9354838709677419,0.48172757475083056,0.6359649122807017,0.48172757475082895,0.014306151645207418,1570.0
0.61,689,10,156,145,0.9354838709677419,0.48172757475083056,0.6359649122807017,0.48172757475082895,0.014306151645207418,1570.0
0.612,689,10,157,144,0.935064935064935,0.47840531561461797,0.6329670329670329,0.4784053156146163,0.014306151645207418,1580.0
0.614,689,10,157,144,0.935064935064935,0.47840531561461797,0.6329670329670329,0.4784053156146163,0.014306151645207418,1580.0
0.616,689,10,157,144,0.935064935064935,0.47840531561461797,0.6329670329670329,0.4784053156146163,0.014306151645207418,1580.0
0.618,689,10,158,143,0.934640522875817,0.4750830564784053,0.6299559471365639,0.4750830564784037,0.014306151645207418,1590.0
0.62,689,10,159,142,0.9342105263157895,0.4717607973421927,0.6269315673289183,0.47176079734219106,0.014306151645207418,1600.0
0.622,689,10,161,140,0.9333333333333333,0.46511627906976744,0.6208425720620843,0.4651162790697659,0.014306151645207418,1620.0
0.624,689,10,162,139,0.9328859060402684,0.46179401993355484,0.6177777777777778,0.46179401993355323,0.014306151645207418,1630.0
0.626,689,10,162,139,0.9328859060402684,0.46179401993355484,0.6177777777777778,0.46179401993355323,0.014306151645207418,1630.0
0.628,689,10,162,139,0.9328859060402684,0.46179401993355484,0.6177777777777778,0.46179401993355323,0.014306151645207418,1630.0
0.63,689,10,164,137,0.9319727891156463,0.45514950166112955,0.6116071428571429,0.455149501661128,0.014306151645207418,1650.0
0.632,689,10,164,137,0.9319727891156463,0.45514950166112955,0.6116071428571429,0.455149501661128,0.014306151645207418,1650.0
0.634,689,10,164,137,0.9319727891156463,0.45514950166112955,0.6116071428571429,0.455149501661128,0.014306151645207418,1650.0
0.636,690,9,164,137,0.9383561643835616,0.45514950166112955,0.6129753914988815,0.455149501661128,0.012875536480686676,1649.0
0.638,690,9,165,136,0.9379310344827586,0.45182724252491696,0.6098654708520179,0.4518272425249154,0.012875536480686676,1659.0
0.64,690,9,165,136,0.9379310344827586,0.45182724252491696,0.6098654708520179,0.4518272425249154,0.012875536480686676,1659.0
0.642,690,9,165,136,0.9379310344827586,0.45182724252491696,0.6098654708520179,0.4518272425249154,0.012875536480686676,1659.0
0.644,690,9,165,136,0.9379310344827586,0.45182724252491696,0.6098654708520179,0.4518272425249154,0.012875536480686676,1659.0
0.646,690,9,165,136,0.9379310344827586,0.45182724252491696,0.6098654708520179,0.4518272425249154,0.012875536480686676,1659.0
0.648,690,9,168,133,0.9366197183098591,0.4418604651162791,0.600451467268623,0.4418604651162776,0.012875536480686676,1689.0
0.65,690,9,168,133,0.9366197183098591,0.4418604651162791,0.600451467268623,0.4418604651162776,0.012875536480686676,1689.0
0.652,690,9,169,132,0.9361702127659575,0.43853820598006643,0.5972850678733032,0.43853820598006493,0.012875536480686676,1699.0
0.654,691,8,169,132,0.9428571428571428,0.43853820598006643,0.5986394557823129,0.43853820598006493,0.011444921316165934,1698.0
0.656,692,7,169,132,0.9496402877697842,0.43853820598006643,0.6,0.43853820598006493,0.010014306151645194,1697.0
0.658,692,7,171,130,0.948905109489051,0.4318936877076412,0.593607305936073,0.43189368770763975,0.010014306151645194,1717.0
0.66,692,7,171,130,0.948905109489051,0.4318936877076412,0.593607305936073,0.43189368770763975,0.010014306151645194,1717.0
0.662,692,7,172,129,0.9485294117647058,0.42857142857142855,0.5903890160183066,0.4285714285714271,0.010014306151645194,1727.0
0.664,692,7,172,129,0.9485294117647058,0.42857142857142855,0.5903890160183066,0.4285714285714271,0.010014306151645194,1727.0
0.666,692,7,172,129,0.9485294117647058,0.42857142857142855,0.5903890160183066,0.4285714285714271,0.010014306151645194,1727.0
0.668,692,7,172,129,0.9485294117647058,0.42857142857142855,0.5903890160183066,0.4285714285714271,0.010014306151645194,1727.0
0.67,692,7,173,128,0.9481481481481482,0.42524916943521596,0.5871559633027523,0.4252491694352145,0.010014306151645194,1737.0
0.672,692,7,173,128,0.9481481481481482,0.42524916943521596,0.5871559633027523,0.4252491694352145,0.010014306151645194,1737.0
0.674,692,7,173,128,0.9481481481481482,0.42524916943521596,0.5871559633027523,0.4252491694352145,0.010014306151645194,1737.0
0.676,692,7,174,127,0.9477611940298507,0.4219269102990033,0.5839080459770115,0.42192691029900187,0.010014306151645194,1747.0
0.678,692,7,175,126,0.9473684210526315,0.4186046511627907,0.5806451612903226,0.4186046511627893,0.010014306151645194,1757.0
0.68,692,7,175,126,0.9473684210526315,0.4186046511627907,0.5806451612903226,0.4186046511627893,0.010014306151645194,1757.0
0.682,692,7,176,125,0.946969696969697,0.4152823920265781,0.5773672055427251,0.4152823920265767,0.010014306151645194,1767.0
0.684,692,7,178,123,0.9461538461538461,0.40863787375415284,0.5707656612529002,0.40863787375415145,0.010014306151645194,1787.0
0.686,692,7,178,123,0.9461538461538461,0.40863787375415284,0.5707656612529002,0.40863787375415145,0.010014306151645194,1787.0
0.6880000000000001,692,7,178,123,0.9461538461538461,0.40863787375415284,0.5707656612529002,0.40863787375415145,0.010014306151645194,1787.0
0.6900000000000001,692,7,178,123,0.9461538461538461,0.40863787375415284,0.5707656612529002,0.40863787375415145,0.010014306151645194,1787.0
0.6920000000000001,692,7,179,122,0.9457364341085271,0.4053156146179402,0.5674418604651162,0.4053156146179388,0.010014306151645194,1797.0
0.6940000000000001,692,7,179,122,0.9457364341085271,0.4053156146179402,0.5674418604651162,0.4053156146179388,0.010014306151645194,1797.0
0.6960000000000001,692,7,181,120,0.9448818897637795,0.39867109634551495,0.5607476635514018,0.3986710963455136,0.010014306151645194,1817.0
0.6980000000000001,692,7,181,120,0.9448818897637795,0.39867109634551495,0.5607476635514018,0.3986710963455136,0.010014306151645194,1817.0
0.7000000000000001,693,6,182,119,0.952,0.3953488372093023,0.5586854460093896,0.395348837209301,0.008583690987124451,1826.0
0.7020000000000001,693,6,182,119,0.952,0.3953488372093023,0.5586854460093896,0.395348837209301,0.008583690987124451,1826.0
0.704,694,5,183,118,0.959349593495935,0.3920265780730897,0.5566037735849056,0.3920265780730884,0.007153075822603709,1835.0
0.706,694,5,184,117,0.9590163934426229,0.38870431893687707,0.5531914893617021,0.38870431893687574,0.007153075822603709,1845.0
0.708,694,5,185,116,0.9586776859504132,0.3853820598006645,0.5497630331753555,0.38538205980066315,0.007153075822603709,1855.0
0.71,694,5,185,116,0.9586776859504132,0.3853820598006645,0.5497630331753555,0.38538205980066315,0.007153075822603709,1855.0
0.712,695,4,187,114,0.9661016949152542,0.3787375415282392,0.5441527446300716,0.3787375415282379,0.005722460658082967,1874.0
0.714,695,4,187,114,0.9661016949152542,0.3787375415282392,0.5441527446300716,0.3787375415282379,0.005722460658082967,1874.0
0.716,696,3,187,114,0.9743589743589743,0.3787375415282392,0.5454545454545454,0.3787375415282379,0.004291845493562226,1873.0
0.718,696,3,187,114,0.9743589743589743,0.3787375415282392,0.5454545454545454,0.3787375415282379,0.004291845493562226,1873.0
0.72,696,3,188,113,0.9741379310344828,0.3754152823920266,0.5419664268585132,0.3754152823920253,0.004291845493562226,1883.0
0.722,696,3,189,112,0.9739130434782609,0.37209302325581395,0.5384615384615384,0.37209302325581267,0.004291845493562226,1893.0
0.724,696,3,189,112,0.9739130434782609,0.37209302325581395,0.5384615384615384,0.37209302325581267,0.004291845493562226,1893.0
0.726,696,3,189,112,0.9739130434782609,0.37209302325581395,0.5384615384615384,0.37209302325581267,0.004291845493562226,1893.0
0.728,696,3,192,109,0.9732142857142857,0.36212624584717606,0.5278450363196125,0.36212624584717484,0.004291845493562226,1923.0
0.73,696,3,192,109,0.9732142857142857,0.36212624584717606,0.5278450363196125,0.36212624584717484,0.004291845493562226,1923.0
0.732,697,2,192,109,0.9819819819819819,0.36212624584717606,0.529126213592233,0.36212624584717484,0.0028612303290414835,1922.0
0.734,697,2,192,109,0.9819819819819819,0.36212624584717606,0.529126213592233,0.36212624584717484,0.0028612303290414835,1922.0
0.736,698,1,192,109,0.990909090909091,0.36212624584717606,0.5304136253041363,0.36212624584717484,0.0014306151645207417,1921.0
0.738,698,1,192,109,0.990909090909091,0.36212624584717606,0.5304136253041363,0.36212624584717484,0.0014306151645207417,1921.0
0.74,698,1,193,108,0.9908256880733946,0.3588039867109635,0.526829268292683,0.35880398671096225,0.0014306151645207417,1931.0
0.742,698,1,194,107,0.9907407407407407,0.3554817275747508,0.5232273838630807,0.3554817275747496,0.0014306151645207417,1941.0
0.744,698,1,195,106,0.9906542056074766,0.3521594684385382,0.5196078431372549,0.352159468438537,0.0014306151645207417,1951.0
0.746,698,1,196,105,0.9905660377358491,0.3488372093023256,0.515970515970516,0.34883720930232437,0.0014306151645207417,1961.0
0.748,698,1,196,105,0.9905660377358491,0.3488372093023256,0.515970515970516,0.34883720930232437,0.0014306151645207417,1961.0
0.75,698,1,197,104,0.9904761904761905,0.34551495016611294,0.5123152709359606,0.3455149501661118,0.0014306151645207417,1971.0
0.752,698,1,197,104,0.9904761904761905,0.34551495016611294,0.5123152709359606,0.3455149501661118,0.0014306151645207417,1971.0
0.754,698,1,198,103,0.9903846153846154,0.34219269102990035,0.508641975308642,0.3421926910298992,0.0014306151645207417,1981.0
0.756,698,1,199,102,0.9902912621359223,0.3388704318936877,0.504950495049505,0.33887043189368654,0.0014306151645207417,1991.0
0.758,698,1,199,102,0.9902912621359223,0.3388704318936877,0.504950495049505,0.33887043189368654,0.0014306151645207417,1991.0
0.76,699,0,200,101,1.0,0.33554817275747506,0.5024875621890548,0.33554817275747395,0.0,2000.0
0.762,699,0,201,100,1.0,0.33222591362126247,0.49875311720698257,0.3322259136212613,0.0,2010.0
0.764,699,0,202,99,1.0,0.3289036544850498,0.495,0.3289036544850487,0.0,2020.0
0.766,699,0,202,99,1.0,0.3289036544850498,0.495,0.3289036544850487,0.0,2020.0
0.768,699,0,204,97,1.0,0.3222591362126246,0.48743718592964824,0.3222591362126235,0.0,2040.0
0.77,699,0,205,96,1.0,0.31893687707641194,0.4836272040302267,0.3189368770764109,0.0,2050.0
0.772,699,0,206,95,1.0,0.31561461794019935,0.4797979797979798,0.31561461794019824,0.0,2060.0
0.774,699,0,206,95,1.0,0.31561461794019935,0.4797979797979798,0.31561461794019824,0.0,2060.0
0.776,699,0,206,95,1.0,0.31561461794019935,0.4797979797979798,0.31561461794019824,0.0,2060.0
0.778,699,0,206,95,1.0,0.31561461794019935,0.4797979797979798,0.31561461794019824,0.0,2060.0
0.78,699,0,206,95,1.0,0.31561461794019935,0.4797979797979798,0.31561461794019824,0.0,2060.0
0.782,699,0,206,95,1.0,0.31561461794019935,0.4797979797979798,0.31561461794019824,0.0,2060.0
0.784,699,0,207,94,1.0,0.3122923588039867,0.4759493670886076,0.31229235880398565,0.0,2070.0
0.786,699,0,207,94,1.0,0.3122923588039867,0.4759493670886076,0.31229235880398565,0.0,2070.0
0.788,699,0,207,94,1.0,0.3122923588039867,0.4759493670886076,0.31229235880398565,0.0,2070.0
0.79,699,0,207,94,1.0,0.3122923588039867,0.4759493670886076,0.31229235880398565,0.0,2070.0
0.792,699,0,209,92,1.0,0.30564784053156147,0.4681933842239186,0.3056478405315604,0.0,2090.0
0.794,699,0,210,91,1.0,0.3023255813953488,0.4642857142857143,0.3023255813953478,0.0,2100.0
0.796,699,0,210,91,1.0,0.3023255813953488,0.4642857142857143,0.3023255813953478,0.0,2100.0
0.798,699,0,210,91,1.0,0.3023255813953488,0.4642857142857143,0.3023255813953478,0.0,2100.0
0.8,699,0,211,90,1.0,0.29900332225913623,0.46035805626598464,0.2990033222591352,0.0,2110.0
0.802,699,0,212,89,1.0,0.2956810631229236,0.4564102564102564,0.2956810631229226,0.0,2120.0
0.804,699,0,212,89,1.0,0.2956810631229236,0.4564102564102564,0.2956810631229226,0.0,2120.0
0.806,699,0,213,88,1.0,0.292358803986711,0.4524421593830334,0.29235880398671,0.0,2130.0
0.808,699,0,214,87,1.0,0.28903654485049834,0.4484536082474227,0.28903654485049735,0.0,2140.0
0.81,699,0,215,86,1.0,0.2857142857142857,0.4444444444444444,0.28571428571428475,0.0,2150.0
0.812,699,0,215,86,1.0,0.2857142857142857,0.4444444444444444,0.28571428571428475,0.0,2150.0
0.8140000000000001,699,0,216,85,1.0,0.2823920265780731,0.44041450777202074,0.2823920265780721,0.0,2160.0
0.8160000000000001,699,0,217,84,1.0,0.27906976744186046,0.43636363636363634,0.2790697674418595,0.0,2170.0
0.8180000000000001,699,0,217,84,1.0,0.27906976744186046,0.43636363636363634,0.2790697674418595,0.0,2170.0
0.8200000000000001,699,0,218,83,1.0,0.2757475083056478,0.4322916666666667,0.2757475083056469,0.0,2180.0
0.8220000000000001,699,0,218,83,1.0,0.2757475083056478,0.4322916666666667,0.2757475083056469,0.0,2180.0
0.8240000000000001,699,0,220,81,1.0,0.2691029900332226,0.42408376963350786,0.2691029900332217,0.0,2200.0
0.8260000000000001,699,0,220,81,1.0,0.2691029900332226,0.42408376963350786,0.2691029900332217,0.0,2200.0
0.8280000000000001,699,0,220,81,1.0,0.2691029900332226,0.42408376963350786,0.2691029900332217,0.0,2200.0
0.8300000000000001,699,0,220,81,1.0,0.2691029900332226,0.42408376963350786,0.2691029900332217,0.0,2200.0
0.8320000000000001,699,0,220,81,1.0,0.2691029900332226,0.42408376963350786,0.2691029900332217,0.0,2200.0
0.834,699,0,221,80,1.0,0.26578073089701,0.4199475065616798,0.26578073089700904,0.0,2210.0
0.836,699,0,221,80,1.0,0.26578073089701,0.4199475065616798,0.26578073089700904,0.0,2210.0
0.838,699,0,222,79,1.0,0.26245847176079734,0.41578947368421054,0.26245847176079645,0.0,2220.0
0.84,699,0,223,78,1.0,0.2591362126245847,0.41160949868073876,0.25913621262458386,0.0,2230.0
0.842,699,0,224,77,1.0,0.2558139534883721,0.4074074074074074,0.2558139534883712,0.0,2240.0
0.844,699,0,224,77,1.0,0.2558139534883721,0.4074074074074074,0.2558139534883712,0.0,2240.0
0.846,699,0,225,76,1.0,0.25249169435215946,0.40318302387267907,0.2524916943521586,0.0,2250.0
0.848,699,0,226,75,1.0,0.24916943521594684,0.39893617021276595,0.249169435215946,0.0,2260.0
0.85,699,0,227,74,1.0,0.24584717607973422,0.39466666666666667,0.2458471760797334,0.0,2270.0
0.852,699,0,227,74,1.0,0.24584717607973422,0.39466666666666667,0.2458471760797334,0.0,2270.0
0.854,699,0,229,72,1.0,0.23920265780730898,0.38605898123324395,0.23920265780730815,0.0,2290.0
0.856,699,0,231,70,1.0,0.23255813953488372,0.37735849056603776,0.23255813953488294,0.0,2310.0
0.858,699,0,232,69,1.0,0.2292358803986711,0.372972972972973,0.22923588039867032,0.0,2320.0
0.86,699,0,233,68,1.0,0.22591362126245848,0.3685636856368564,0.2259136212624577,0.0,2330.0
0.862,699,0,233,68,1.0,0.22591362126245848,0.3685636856368564,0.2259136212624577,0.0,2330.0
0.864,699,0,234,67,1.0,0.22259136212624583,0.3641304347826087,0.22259136212624508,0.0,2340.0
0.866,699,0,234,67,1.0,0.22259136212624583,0.3641304347826087,0.22259136212624508,0.0,2340.0
0.868,699,0,235,66,1.0,0.21926910299003322,0.35967302452316074,0.21926910299003247,0.0,2350.0
0.87,699,0,235,66,1.0,0.21926910299003322,0.35967302452316074,0.21926910299003247,0.0,2350.0
0.872,699,0,236,65,1.0,0.2159468438538206,0.3551912568306011,0.21594684385381988,0.0,2360.0
0.874,699,0,239,62,1.0,0.2059800664451827,0.3415977961432507,0.20598006644518202,0.0,2390.0
0.876,699,0,239,62,1.0,0.2059800664451827,0.3415977961432507,0.20598006644518202,0.0,2390.0
0.878,699,0,239,62,1.0,0.2059800664451827,0.3415977961432507,0.20598006644518202,0.0,2390.0
0.88,699,0,240,61,1.0,0.2026578073089701,0.3370165745856354,0.2026578073089694,0.0,2400.0
0.882,699,0,240,61,1.0,0.2026578073089701,0.3370165745856354,0.2026578073089694,0.0,2400.0
0.884,699,0,240,61,1.0,0.2026578073089701,0.3370165745856354,0.2026578073089694,0.0,2400.0
0.886,699,0,240,61,1.0,0.2026578073089701,0.3370165745856354,0.2026578073089694,0.0,2400.0
0.888,699,0,240,61,1.0,0.2026578073089701,0.3370165745856354,0.2026578073089694,0.0,2400.0
0.89,699,0,240,61,1.0,0.2026578073089701,0.3370165745856354,0.2026578073089694,0.0,2400.0
0.892,699,0,242,59,1.0,0.19601328903654486,0.3277777777777778,0.1960132890365442,0.0,2420.0
0.894,699,0,242,59,1.0,0.19601328903654486,0.3277777777777778,0.1960132890365442,0.0,2420.0
0.896,699,0,244,57,1.0,0.1893687707641196,0.31843575418994413,0.18936877076411895,0.0,2440.0
0.898,699,0,245,56,1.0,0.18604651162790697,0.3137254901960784,0.18604651162790634,0.0,2450.0
0.9,699,0,245,56,1.0,0.18604651162790697,0.3137254901960784,0.18604651162790634,0.0,2450.0
0.902,699,0,247,54,1.0,0.17940199335548174,0.30422535211267604,0.17940199335548113,0.0,2470.0
0.904,699,0,251,50,1.0,0.16611295681063123,0.2849002849002849,0.16611295681063065,0.0,2510.0
0.906,699,0,252,49,1.0,0.16279069767441862,0.28,0.16279069767441806,0.0,2520.0
0.908,699,0,254,47,1.0,0.15614617940199335,0.27011494252873564,0.15614617940199282,0.0,2540.0
0.91,699,0,255,46,1.0,0.15282392026578073,0.26512968299711814,0.1528239202657802,0.0,2550.0
0.912,699,0,256,45,1.0,0.14950166112956811,0.26011560693641617,0.1495016611295676,0.0,2560.0
0.914,699,0,258,43,1.0,0.14285714285714285,0.25,0.14285714285714238,0.0,2580.0
0.916,699,0,258,43,1.0,0.14285714285714285,0.25,0.14285714285714238,0.0,2580.0
0.918,699,0,258,43,1.0,0.14285714285714285,0.25,0.14285714285714238,0.0,2580.0
0.92,699,0,259,42,1.0,0.13953488372093023,0.24489795918367346,0.13953488372092976,0.0,2590.0
0.922,699,0,259,42,1.0,0.13953488372093023,0.24489795918367346,0.13953488372092976,0.0,2590.0
0.924,699,0,259,42,1.0,0.13953488372093023,0.24489795918367346,0.13953488372092976,0.0,2590.0
0.926,699,0,260,41,1.0,0.1362126245847176,0.23976608187134502,0.13621262458471714,0.0,2600.0
0.928,699,0,260,41,1.0,0.1362126245847176,0.23976608187134502,0.13621262458471714,0.0,2600.0
0.93,699,0,261,40,1.0,0.132890365448505,0.23460410557184752,0.13289036544850452,0.0,2610.0
0.932,699,0,261,40,1.0,0.132890365448505,0.23460410557184752,0.13289036544850452,0.0,2610.0
0.934,699,0,261,40,1.0,0.132890365448505,0.23460410557184752,0.13289036544850452,0.0,2610.0
0.936,699,0,261,40,1.0,0.132890365448505,0.23460410557184752,0.13289036544850452,0.0,2610.0
0.9380000000000001,699,0,262,39,1.0,0.12956810631229235,0.22941176470588234,0.12956810631229193,0.0,2620.0
0.9400000000000001,699,0,264,37,1.0,0.12292358803986711,0.21893491124260356,0.1229235880398667,0.0,2640.0
0.9420000000000001,699,0,265,36,1.0,0.11960132890365449,0.21364985163204747,0.11960132890365407,0.0,2650.0
0.9440000000000001,699,0,266,35,1.0,0.11627906976744186,0.20833333333333334,0.11627906976744147,0.0,2660.0
0.9460000000000001,699,0,267,34,1.0,0.11295681063122924,0.20298507462686566,0.11295681063122885,0.0,2670.0
0.9480000000000001,699,0,268,33,1.0,0.10963455149501661,0.19760479041916168,0.10963455149501623,0.0,2680.0
0.9500000000000001,699,0,270,31,1.0,0.10299003322259136,0.18674698795180722,0.10299003322259101,0.0,2700.0
0.9520000000000001,699,0,271,30,1.0,0.09966777408637874,0.18126888217522658,0.0996677740863784,0.0,2710.0
0.9540000000000001,699,0,273,28,1.0,0.09302325581395349,0.1702127659574468,0.09302325581395317,0.0,2730.0
0.9560000000000001,699,0,274,27,1.0,0.08970099667774087,0.16463414634146342,0.08970099667774056,0.0,2740.0
0.9580000000000001,699,0,274,27,1.0,0.08970099667774087,0.16463414634146342,0.08970099667774056,0.0,2740.0
0.96,699,0,276,25,1.0,0.08305647840531562,0.15337423312883436,0.08305647840531533,0.0,2760.0
0.962,699,0,278,23,1.0,0.07641196013289037,0.1419753086419753,0.0764119601328901,0.0,2780.0
0.964,699,0,279,22,1.0,0.07308970099667775,0.13622291021671826,0.0730897009966775,0.0,2790.0
0.966,699,0,280,21,1.0,0.06976744186046512,0.13043478260869565,0.06976744186046488,0.0,2800.0
0.968,699,0,281,20,1.0,0.0664451827242525,0.12461059190031153,0.06644518272425226,0.0,2810.0
0.97,699,0,283,18,1.0,0.059800664451827246,0.11285266457680251,0.05980066445182704,0.0,2830.0
0.972,699,0,285,16,1.0,0.053156146179401995,0.10094637223974763,0.053156146179401814,0.0,2850.0
0.974,699,0,285,16,1.0,0.053156146179401995,0.10094637223974763,0.053156146179401814,0.0,2850.0
0.976,699,0,286,15,1.0,0.04983388704318937,0.0949367088607595,0.0498338870431892,0.0,2860.0
0.978,699,0,287,14,1.0,0.046511627906976744,0.08888888888888889,0.046511627906976584,0.0,2870.0
0.98,699,0,288,13,1.0,0.04318936877076412,0.08280254777070063,0.04318936877076397,0.0,2880.0
0.982,699,0,290,11,1.0,0.036544850498338874,0.07051282051282051,0.03654485049833875,0.0,2900.0
0.984,699,0,293,8,1.0,0.026578073089700997,0.05177993527508091,0.026578073089700907,0.0,2930.0
0.986,699,0,294,7,1.0,0.023255813953488372,0.045454545454545456,0.023255813953488292,0.0,2940.0
0.988,699,0,295,6,1.0,0.019933554817275746,0.03908794788273615,0.01993355481727568,0.0,2950.0
0.99,699,0,298,3,1.0,0.009966777408637873,0.019736842105263157,0.00996677740863784,0.0,2980.0
0.992,699,0,299,2,1.0,0.006644518272425249,0.013201320132013201,0.006644518272425227,0.0,2990.0
0.994,699,0,300,1,1.0,0.0033222591362126247,0.006622516556291391,0.0033222591362126134,0.0,3000.0
0.996,699,0,301,0,0.0,0.0,0.0,0.0,0.0,3010.0
0.998,699,0,301,0,0.0,0.0,0.0,0.0,0.0,3010.0
1.0,699,0,301,0,0.0,0.0,0.0,0.0,0.0,3010.0
